{
  "run_id": "daN_bert_10w5s_pubmed",
  "model_name": "models/bert-base-uncased",
  "n_way": 10,
  "k_shot": 5,
  "dev_domain": "wiki",
  "eval_domain": "pubmed",
  "cl_weight": 1.0,
  "weight_decay": 0.01,
  "cl_numerator": "N",
  "temperature": 0.5,
  "seed": 42,
  "best_dev_acc": 0.9803999817371368,
  "test_acc": 0.8001666444540024,
  "test_acc_std": 0.052541778562193796,
  "test_acc_ci95": 0.004204217890085507,
  "n_test_episodes": 600,
  "per_relation_acc": {
    "occurs_in": 0.692,
    "classified_as": 0.5053333333333333,
    "inheritance_type_of": 0.9746666666666667,
    "causative_agent_of": 0.8023333333333333,
    "ingredient_of": 0.9433333333333334,
    "gene_plays_role_in_process": 0.9033333333333333,
    "is_normal_tissue_origin_of_disease": 0.7076666666666667,
    "biological_process_involves_gene_product": 0.981,
    "gene_found_in_organism": 0.8986666666666666,
    "is_primary_anatomic_site_of_disease": 0.5933333333333334
  },
  "episodes": 2000
}