{
  "run_id": "daN_roberta_10w1s_pubmed",
  "model_name": "models/roberta-base",
  "n_way": 10,
  "k_shot": 1,
  "dev_domain": "wiki",
  "eval_domain": "pubmed",
  "cl_weight": 1.0,
  "weight_decay": 0.01,
  "cl_numerator": "N",
  "temperature": 0.5,
  "seed": 42,
  "best_dev_acc": 0.9619999814033509,
  "test_acc": 0.5478666519373655,
  "test_acc_std": 0.08333535884479301,
  "test_acc_ci95": 0.006668217485581545,
  "n_test_episodes": 600,
  "per_relation_acc": {
    "occurs_in": 0.462,
    "classified_as": 0.2773333333333333,
    "inheritance_type_of": 0.9316666666666666,
    "causative_agent_of": 0.41733333333333333,
    "ingredient_of": 0.5903333333333334,
    "gene_plays_role_in_process": 0.5563333333333333,
    "is_normal_tissue_origin_of_disease": 0.4073333333333333,
    "biological_process_involves_gene_product": 0.768,
    "gene_found_in_organism": 0.5916666666666667,
    "is_primary_anatomic_site_of_disease": 0.4766666666666667
  },
  "episodes": 2000
}