{
  "run_id": "daN_t5_5w5s_pubmed",
  "model_name": "models/t5-small",
  "n_way": 5,
  "k_shot": 5,
  "dev_domain": "wiki",
  "eval_domain": "pubmed",
  "cl_weight": 1.0,
  "weight_decay": 0.01,
  "cl_numerator": "N",
  "temperature": 0.5,
  "seed": 42,
  "best_dev_acc": 0.8639999771118164,
  "test_acc": 0.751466644058625,
  "test_acc_std": 0.10367504253867614,
  "test_acc_ci95": 0.00829573114051583,
  "n_test_episodes": 600,
  "per_relation_acc": {
    "occurs_in": 0.6340983606557377,
    "classified_as": 0.6099337748344371,
    "inheritance_type_of": 0.945631067961165,
    "causative_agent_of": 0.7013793103448276,
    "ingredient_of": 0.8933333333333333,
    "biological_process_involves_gene_product": 0.8629139072847682,
    "gene_found_in_organism": 0.6873417721518987,
    "is_normal_tissue_origin_of_disease": 0.7846153846153846,
    "is_primary_anatomic_site_of_disease": 0.6861016949152542,
    "gene_plays_role_in_process": 0.7062730627306273
  },
  "episodes": 2000
}