{
  "run_id": "daN_bert_10w1s_pubmed",
  "model_name": "models/bert-base-uncased",
  "n_way": 10,
  "k_shot": 1,
  "dev_domain": "wiki",
  "eval_domain": "pubmed",
  "cl_weight": 1.0,
  "weight_decay": 0.01,
  "cl_numerator": "N",
  "temperature": 0.5,
  "seed": 42,
  "best_dev_acc": 0.9695999813079834,
  "test_acc": 0.5841333188116551,
  "test_acc_std": 0.0790289961457253,
  "test_acc_ci95": 0.006323636704419244,
  "n_test_episodes": 600,
  "per_relation_acc": {
    "occurs_in": 0.5043333333333333,
    "classified_as": 0.296,
    "inheritance_type_of": 0.9466666666666667,
    "causative_agent_of": 0.354,
    "ingredient_of": 0.6196666666666667,
    "gene_plays_role_in_process": 0.6963333333333334,
    "is_normal_tissue_origin_of_disease": 0.569,
    "biological_process_involves_gene_product": 0.8506666666666667,
    "gene_found_in_organism": 0.576,
    "is_primary_anatomic_site_of_disease": 0.42866666666666664
  },
  "episodes": 2000
}