{
  "run_id": "daN_roberta_5w1s_pubmed",
  "model_name": "models/roberta-base",
  "n_way": 5,
  "k_shot": 1,
  "dev_domain": "wiki",
  "eval_domain": "pubmed",
  "cl_weight": 1.0,
  "weight_decay": 0.01,
  "cl_numerator": "N",
  "temperature": 0.5,
  "seed": 42,
  "best_dev_acc": 0.8679999780654907,
  "test_acc": 0.6902666484564542,
  "test_acc_std": 0.13157986424556944,
  "test_acc_ci95": 0.010528581908993296,
  "n_test_episodes": 600,
  "per_relation_acc": {
    "occurs_in": 0.6431506849315068,
    "classified_as": 0.5149659863945578,
    "inheritance_type_of": 0.961512027491409,
    "causative_agent_of": 0.5575949367088607,
    "ingredient_of": 0.7993150684931507,
    "gene_plays_role_in_process": 0.7115789473684211,
    "is_primary_anatomic_site_of_disease": 0.5844155844155844,
    "is_normal_tissue_origin_of_disease": 0.7031055900621118,
    "biological_process_involves_gene_product": 0.8539473684210527,
    "gene_found_in_organism": 0.5858108108108108
  },
  "episodes": 2000
}