{
  "run_id": "daN_albert_10w5s_pubmed",
  "model_name": "models/albert-base-v2",
  "n_way": 10,
  "k_shot": 5,
  "dev_domain": "wiki",
  "eval_domain": "pubmed",
  "cl_weight": 1.0,
  "weight_decay": 0.01,
  "cl_numerator": "N",
  "temperature": 0.5,
  "seed": 42,
  "best_dev_acc": 0.9647999787330628,
  "test_acc": 0.77463331391414,
  "test_acc_std": 0.05969811412226422,
  "test_acc_ci95": 0.00477684399472887,
  "n_test_episodes": 600,
  "per_relation_acc": {
    "occurs_in": 0.766,
    "classified_as": 0.5783333333333334,
    "inheritance_type_of": 0.9316666666666666,
    "causative_agent_of": 0.7223333333333334,
    "ingredient_of": 0.8846666666666667,
    "gene_plays_role_in_process": 0.833,
    "is_normal_tissue_origin_of_disease": 0.5796666666666667,
    "biological_process_involves_gene_product": 0.8533333333333334,
    "gene_found_in_organism": 0.9743333333333334,
    "is_primary_anatomic_site_of_disease": 0.623
  },
  "episodes": 2000
}