{
  "run_id": "daN_deberta_10w5s_pubmed",
  "model_name": "models/microsoft__deberta-v3-base",
  "n_way": 10,
  "k_shot": 5,
  "dev_domain": "wiki",
  "eval_domain": "pubmed",
  "cl_weight": 1.0,
  "weight_decay": 0.01,
  "cl_numerator": "N",
  "temperature": 0.5,
  "seed": 42,
  "best_dev_acc": 0.735999983549118,
  "test_acc": 0.2152999941756328,
  "test_acc_std": 0.057270497653515266,
  "test_acc_ci95": 0.0045825942211682085,
  "n_test_episodes": 600,
  "per_relation_acc": {
    "occurs_in": 0.31766666666666665,
    "classified_as": 0.09933333333333333,
    "inheritance_type_of": 0.199,
    "causative_agent_of": 0.13666666666666666,
    "ingredient_of": 0.219,
    "gene_plays_role_in_process": 0.29633333333333334,
    "is_normal_tissue_origin_of_disease": 0.09733333333333333,
    "biological_process_involves_gene_product": 0.25333333333333335,
    "gene_found_in_organism": 0.32133333333333336,
    "is_primary_anatomic_site_of_disease": 0.213
  },
  "episodes": 2000
}