{
  "run_id": "daN_t5_10w5s_pubmed",
  "model_name": "models/t5-small",
  "n_way": 10,
  "k_shot": 5,
  "dev_domain": "wiki",
  "eval_domain": "pubmed",
  "cl_weight": 1.0,
  "weight_decay": 0.01,
  "cl_numerator": "N",
  "temperature": 0.5,
  "seed": 42,
  "best_dev_acc": 0.8739999759197236,
  "test_acc": 0.6318999853730202,
  "test_acc_std": 0.06322755293155713,
  "test_acc_ci95": 0.005059257917326235,
  "n_test_episodes": 600,
  "per_relation_acc": {
    "occurs_in": 0.4646666666666667,
    "classified_as": 0.4643333333333333,
    "inheritance_type_of": 0.9256666666666666,
    "causative_agent_of": 0.5766666666666667,
    "ingredient_of": 0.825,
    "gene_plays_role_in_process": 0.534,
    "is_normal_tissue_origin_of_disease": 0.6726666666666666,
    "biological_process_involves_gene_product": 0.8363333333333334,
    "gene_found_in_organism": 0.474,
    "is_primary_anatomic_site_of_disease": 0.5456666666666666
  },
  "episodes": 2000
}