{
  "run_id": "daN_t5_5w1s_pubmed",
  "model_name": "models/t5-small",
  "n_way": 5,
  "k_shot": 1,
  "dev_domain": "wiki",
  "eval_domain": "pubmed",
  "cl_weight": 1.0,
  "weight_decay": 0.01,
  "cl_numerator": "N",
  "temperature": 0.5,
  "seed": 42,
  "best_dev_acc": 0.7495999777317047,
  "test_acc": 0.597466651548942,
  "test_acc_std": 0.12755749461252727,
  "test_acc_ci95": 0.010206725305837864,
  "n_test_episodes": 600,
  "per_relation_acc": {
    "occurs_in": 0.4095890410958904,
    "classified_as": 0.41496598639455784,
    "inheritance_type_of": 0.8982817869415808,
    "causative_agent_of": 0.47151898734177217,
    "ingredient_of": 0.7849315068493151,
    "gene_plays_role_in_process": 0.5642105263157895,
    "is_primary_anatomic_site_of_disease": 0.5175324675324675,
    "is_normal_tissue_origin_of_disease": 0.6559006211180124,
    "biological_process_involves_gene_product": 0.7197368421052631,
    "gene_found_in_organism": 0.543918918918919
  },
  "episodes": 2000
}