{
  "run_id": "daN_roberta_10w5s_pubmed",
  "model_name": "models/roberta-base",
  "n_way": 10,
  "k_shot": 5,
  "dev_domain": "wiki",
  "eval_domain": "pubmed",
  "cl_weight": 1.0,
  "weight_decay": 0.01,
  "cl_numerator": "N",
  "temperature": 0.5,
  "seed": 42,
  "best_dev_acc": 0.9779999828338624,
  "test_acc": 0.8295999751488368,
  "test_acc_std": 0.05021128422565991,
  "test_acc_ci95": 0.004017739505635675,
  "n_test_episodes": 600,
  "per_relation_acc": {
    "occurs_in": 0.784,
    "classified_as": 0.6433333333333333,
    "inheritance_type_of": 0.9733333333333334,
    "causative_agent_of": 0.774,
    "ingredient_of": 0.926,
    "gene_plays_role_in_process": 0.9503333333333334,
    "is_normal_tissue_origin_of_disease": 0.745,
    "biological_process_involves_gene_product": 0.9506666666666667,
    "gene_found_in_organism": 0.973,
    "is_primary_anatomic_site_of_disease": 0.5763333333333334
  },
  "episodes": 2000
}