{
  "run_id": "daN_deberta_5w5s_pubmed",
  "model_name": "models/microsoft__deberta-v3-base",
  "n_way": 5,
  "k_shot": 5,
  "dev_domain": "wiki",
  "eval_domain": "pubmed",
  "cl_weight": 1.0,
  "weight_decay": 0.01,
  "cl_numerator": "N",
  "temperature": 0.5,
  "seed": 42,
  "best_dev_acc": 0.2663999912142754,
  "test_acc": 0.2074666607628266,
  "test_acc_std": 0.08127473104297436,
  "test_acc_ci95": 0.00650333292121609,
  "n_test_episodes": 600,
  "per_relation_acc": {
    "occurs_in": 0.2019672131147541,
    "classified_as": 0.18344370860927153,
    "inheritance_type_of": 0.2588996763754045,
    "causative_agent_of": 0.17655172413793102,
    "ingredient_of": 0.2336842105263158,
    "biological_process_involves_gene_product": 0.19337748344370861,
    "gene_found_in_organism": 0.21772151898734177,
    "is_normal_tissue_origin_of_disease": 0.21169230769230768,
    "is_primary_anatomic_site_of_disease": 0.1911864406779661,
    "gene_plays_role_in_process": 0.203690036900369
  },
  "episodes": 2000
}