{
  "run_id": "daN_deberta_5w1s_pubmed",
  "model_name": "models/microsoft__deberta-v3-base",
  "n_way": 5,
  "k_shot": 1,
  "dev_domain": "wiki",
  "eval_domain": "pubmed",
  "cl_weight": 1.0,
  "weight_decay": 0.01,
  "cl_numerator": "N",
  "temperature": 0.5,
  "seed": 42,
  "best_dev_acc": 0.23839999347925186,
  "test_acc": 0.22239999402314425,
  "test_acc_std": 0.08560124398251208,
  "test_acc_ci95": 0.006849526057418356,
  "n_test_episodes": 600,
  "per_relation_acc": {
    "occurs_in": 0.2095890410958904,
    "classified_as": 0.20816326530612245,
    "inheritance_type_of": 0.252233676975945,
    "causative_agent_of": 0.21265822784810126,
    "ingredient_of": 0.2678082191780822,
    "gene_plays_role_in_process": 0.21052631578947367,
    "is_primary_anatomic_site_of_disease": 0.22272727272727272,
    "is_normal_tissue_origin_of_disease": 0.21801242236024845,
    "biological_process_involves_gene_product": 0.1986842105263158,
    "gene_found_in_organism": 0.22567567567567567
  },
  "episodes": 2000
}