{
  "run_id": "daP_bert_5w5s_pubmed",
  "model_name": "models/bert-base-uncased",
  "n_way": 5,
  "k_shot": 5,
  "dev_domain": "wiki",
  "eval_domain": "pubmed",
  "cl_weight": 1.0,
  "weight_decay": 0.01,
  "cl_numerator": "P",
  "temperature": 0.5,
  "seed": 42,
  "best_dev_acc": 0.9175999772548675,
  "test_acc": 0.8383999758958817,
  "test_acc_std": 0.0913168827246739,
  "test_acc_ci95": 0.007306872407516088,
  "n_test_episodes": 600,
  "per_relation_acc": {
    "occurs_in": 0.7862295081967213,
    "classified_as": 0.6748344370860927,
    "inheritance_type_of": 0.972168284789644,
    "causative_agent_of": 0.783448275862069,
    "ingredient_of": 0.960701754385965,
    "biological_process_involves_gene_product": 0.9311258278145695,
    "gene_found_in_organism": 0.9063291139240506,
    "is_normal_tissue_origin_of_disease": 0.8393846153846154,
    "is_primary_anatomic_site_of_disease": 0.6738983050847458,
    "gene_plays_role_in_process": 0.8523985239852399
  },
  "episodes": 2000
}