{
  "run_id": "daP_roberta_5w1s_pubmed",
  "model_name": "models/roberta-base",
  "n_way": 5,
  "k_shot": 1,
  "dev_domain": "wiki",
  "eval_domain": "pubmed",
  "cl_weight": 1.0,
  "weight_decay": 0.01,
  "cl_numerator": "P",
  "temperature": 0.5,
  "seed": 42,
  "best_dev_acc": 0.8311999773979187,
  "test_acc": 0.6095333175609509,
  "test_acc_std": 0.13305555606173758,
  "test_acc_ci95": 0.010646661846588917,
  "n_test_episodes": 600,
  "per_relation_acc": {
    "occurs_in": 0.5904109589041096,
    "classified_as": 0.49047619047619045,
    "inheritance_type_of": 0.9312714776632303,
    "causative_agent_of": 0.4854430379746835,
    "ingredient_of": 0.7404109589041096,
    "gene_plays_role_in_process": 0.5943859649122807,
    "is_primary_anatomic_site_of_disease": 0.4116883116883117,
    "is_normal_tissue_origin_of_disease": 0.6031055900621118,
    "biological_process_involves_gene_product": 0.6947368421052632,
    "gene_found_in_organism": 0.5736486486486486
  },
  "episodes": 2000
}