{
  "run_id": "daP_bert_10w1s_pubmed",
  "model_name": "models/bert-base-uncased",
  "n_way": 10,
  "k_shot": 1,
  "dev_domain": "wiki",
  "eval_domain": "pubmed",
  "cl_weight": 1.0,
  "weight_decay": 0.01,
  "cl_numerator": "P",
  "temperature": 0.5,
  "seed": 42,
  "best_dev_acc": 0.9635999798774719,
  "test_acc": 0.5375666508575281,
  "test_acc_std": 0.0811423358977302,
  "test_acc_ci95": 0.006492739103240608,
  "n_test_episodes": 600,
  "per_relation_acc": {
    "occurs_in": 0.47833333333333333,
    "classified_as": 0.2623333333333333,
    "inheritance_type_of": 0.91,
    "causative_agent_of": 0.2786666666666667,
    "ingredient_of": 0.6016666666666667,
    "gene_plays_role_in_process": 0.5913333333333334,
    "is_normal_tissue_origin_of_disease": 0.483,
    "biological_process_involves_gene_product": 0.784,
    "gene_found_in_organism": 0.536,
    "is_primary_anatomic_site_of_disease": 0.4503333333333333
  },
  "episodes": 2000
}