{
  "run_id": "daP_deberta_5w1s_pubmed",
  "model_name": "models/microsoft__deberta-v3-base",
  "n_way": 5,
  "k_shot": 1,
  "dev_domain": "wiki",
  "eval_domain": "pubmed",
  "cl_weight": 1.0,
  "weight_decay": 0.01,
  "cl_numerator": "P",
  "temperature": 0.5,
  "seed": 42,
  "best_dev_acc": 0.23199999406933786,
  "test_acc": 0.2053999944527944,
  "test_acc_std": 0.08425461217711133,
  "test_acc_ci95": 0.0067417730714602895,
  "n_test_episodes": 600,
  "per_relation_acc": {
    "occurs_in": 0.20616438356164385,
    "classified_as": 0.20068027210884354,
    "inheritance_type_of": 0.22955326460481099,
    "causative_agent_of": 0.19430379746835444,
    "ingredient_of": 0.20136986301369864,
    "gene_plays_role_in_process": 0.22105263157894736,
    "is_primary_anatomic_site_of_disease": 0.21298701298701297,
    "is_normal_tissue_origin_of_disease": 0.1919254658385093,
    "biological_process_involves_gene_product": 0.19736842105263158,
    "gene_found_in_organism": 0.20135135135135135
  },
  "episodes": 2000
}