{
  "run_id": "daP_albert_10w5s_pubmed",
  "model_name": "models/albert-base-v2",
  "n_way": 10,
  "k_shot": 5,
  "dev_domain": "wiki",
  "eval_domain": "pubmed",
  "cl_weight": 1.0,
  "weight_decay": 0.01,
  "cl_numerator": "P",
  "temperature": 0.5,
  "seed": 42,
  "best_dev_acc": 0.9551999819278717,
  "test_acc": 0.6051666510601839,
  "test_acc_std": 0.07134404236867045,
  "test_acc_ci95": 0.0057087123330310605,
  "n_test_episodes": 600,
  "per_relation_acc": {
    "occurs_in": 0.424,
    "classified_as": 0.38366666666666666,
    "inheritance_type_of": 0.8846666666666667,
    "causative_agent_of": 0.422,
    "ingredient_of": 0.66,
    "gene_plays_role_in_process": 0.5763333333333334,
    "is_normal_tissue_origin_of_disease": 0.479,
    "biological_process_involves_gene_product": 0.766,
    "gene_found_in_organism": 0.8413333333333334,
    "is_primary_anatomic_site_of_disease": 0.6146666666666667
  },
  "episodes": 2000
}