{
  "run_id": "daP_bert_5w1s_pubmed",
  "model_name": "models/bert-base-uncased",
  "n_way": 5,
  "k_shot": 1,
  "dev_domain": "wiki",
  "eval_domain": "pubmed",
  "cl_weight": 1.0,
  "weight_decay": 0.01,
  "cl_numerator": "P",
  "temperature": 0.5,
  "seed": 42,
  "best_dev_acc": 0.8447999751567841,
  "test_acc": 0.693599981268247,
  "test_acc_std": 0.1373524860870181,
  "test_acc_ci95": 0.010990487856653387,
  "n_test_episodes": 600,
  "per_relation_acc": {
    "occurs_in": 0.7109589041095891,
    "classified_as": 0.43537414965986393,
    "inheritance_type_of": 0.9642611683848797,
    "causative_agent_of": 0.49746835443037973,
    "ingredient_of": 0.8178082191780822,
    "gene_plays_role_in_process": 0.6666666666666666,
    "is_primary_anatomic_site_of_disease": 0.5487012987012987,
    "is_normal_tissue_origin_of_disease": 0.7055900621118012,
    "biological_process_involves_gene_product": 0.843421052631579,
    "gene_found_in_organism": 0.7635135135135135
  },
  "episodes": 2000
}