{
  "run_id": "daP_albert_5w5s_pubmed",
  "model_name": "models/albert-base-v2",
  "n_way": 5,
  "k_shot": 5,
  "dev_domain": "wiki",
  "eval_domain": "pubmed",
  "cl_weight": 1.0,
  "weight_decay": 0.01,
  "cl_numerator": "P",
  "temperature": 0.5,
  "seed": 42,
  "best_dev_acc": 0.8943999767303467,
  "test_acc": 0.645933317070206,
  "test_acc_std": 0.11764124014907705,
  "test_acc_ci95": 0.009413259695066256,
  "n_test_episodes": 600,
  "per_relation_acc": {
    "occurs_in": 0.5862295081967213,
    "classified_as": 0.4271523178807947,
    "inheritance_type_of": 0.8776699029126214,
    "causative_agent_of": 0.5393103448275862,
    "ingredient_of": 0.7557894736842106,
    "biological_process_involves_gene_product": 0.8463576158940397,
    "gene_found_in_organism": 0.6107594936708861,
    "is_normal_tissue_origin_of_disease": 0.5563076923076923,
    "is_primary_anatomic_site_of_disease": 0.632542372881356,
    "gene_plays_role_in_process": 0.6309963099630996
  },
  "episodes": 2000
}