{
  "run_id": "abl_N_t5_cl1.0_reg0.5",
  "model_name": "models/t5-small",
  "n_way": 5,
  "k_shot": 5,
  "cl_weight": 1.0,
  "weight_decay": 0.5,
  "temperature": 0.5,
  "seed": 42,
  "best_dev_acc": 0.8623999762535095,
  "test_acc": 0.8721999780337015,
  "test_acc_std": 0.1046159351976827,
  "test_acc_ci95": 0.008371018233147518,
  "n_test_episodes": 600,
  "per_relation_acc": {
    "P463": 0.7853403141361257,
    "P412": 0.9635467980295567,
    "P40": 0.7374301675977654,
    "P410": 0.9606060606060606,
    "P364": 0.9848648648648649,
    "P25": 0.7587301587301587,
    "P2094": 0.9655172413793104,
    "P641": 0.9270935960591133,
    "P177": 0.9818181818181818,
    "P413": 0.9756345177664975,
    "P921": 0.8024691358024691,
    "P26": 0.7314009661835749,
    "P155": 0.7914438502673797,
    "P361": 0.61,
    "P206": 0.9434554973821989,
    "P59": 0.983957219251337
  },
  "episodes": 2000
}