{
  "run_id": "abl_P_t5_cl1.0",
  "model_name": "models/t5-small",
  "n_way": 5,
  "k_shot": 5,
  "cl_weight": 1.0,
  "weight_decay": 0.0,
  "temperature": 0.5,
  "seed": 42,
  "best_dev_acc": 0.8527999722957611,
  "test_acc": 0.8559333111345768,
  "test_acc_std": 0.10814556058374193,
  "test_acc_ci95": 0.00865344708499548,
  "n_test_episodes": 600,
  "per_relation_acc": {
    "P463": 0.7214659685863875,
    "P412": 0.9428571428571428,
    "P40": 0.7374301675977654,
    "P410": 0.9595959595959596,
    "P364": 0.9740540540540541,
    "P25": 0.7597883597883598,
    "P2094": 0.9551724137931035,
    "P641": 0.8866995073891626,
    "P177": 0.9818181818181818,
    "P413": 0.9817258883248731,
    "P921": 0.8012345679012346,
    "P26": 0.736231884057971,
    "P155": 0.718716577540107,
    "P361": 0.5775,
    "P206": 0.9424083769633508,
    "P59": 0.9657754010695188
  },
  "episodes": 2000
}