{
  "run_id": "abl_N_t5_cl0.5",
  "model_name": "models/t5-small",
  "n_way": 5,
  "k_shot": 5,
  "cl_weight": 0.5,
  "weight_decay": 0.0,
  "temperature": 0.5,
  "seed": 42,
  "best_dev_acc": 0.86319997549057,
  "test_acc": 0.8786666459838549,
  "test_acc_std": 0.10383748239781733,
  "test_acc_ci95": 0.008308729036296158,
  "n_test_episodes": 600,
  "per_relation_acc": {
    "P463": 0.8041884816753927,
    "P412": 0.9773399014778326,
    "P40": 0.7374301675977654,
    "P410": 0.9646464646464646,
    "P364": 0.985945945945946,
    "P25": 0.7597883597883598,
    "P2094": 0.967816091954023,
    "P641": 0.9349753694581281,
    "P177": 0.983957219251337,
    "P413": 0.9847715736040609,
    "P921": 0.8185185185185185,
    "P26": 0.740096618357488,
    "P155": 0.7967914438502673,
    "P361": 0.62375,
    "P206": 0.9424083769633508,
    "P59": 0.9850267379679144
  },
  "episodes": 2000
}