{
  "run_id": "abl_P_t5_cl0.5",
  "model_name": "models/t5-small",
  "n_way": 5,
  "k_shot": 5,
  "cl_weight": 0.5,
  "weight_decay": 0.0,
  "temperature": 0.5,
  "seed": 42,
  "best_dev_acc": 0.8639999747276306,
  "test_acc": 0.8687999782462915,
  "test_acc_std": 0.10706957481648187,
  "test_acc_ci95": 0.008567350292386195,
  "n_test_episodes": 600,
  "per_relation_acc": {
    "P463": 0.7633507853403141,
    "P412": 0.961576354679803,
    "P40": 0.7486033519553073,
    "P410": 0.9686868686868687,
    "P364": 0.9827027027027027,
    "P25": 0.7682539682539683,
    "P2094": 0.9597701149425287,
    "P641": 0.9152709359605912,
    "P177": 0.9850267379679144,
    "P413": 0.9878172588832488,
    "P921": 0.8222222222222222,
    "P26": 0.7429951690821256,
    "P155": 0.7550802139037434,
    "P361": 0.5825,
    "P206": 0.9329842931937172,
    "P59": 0.9700534759358289
  },
  "episodes": 2000
}