{
  "run_id": "abl_P_t5_cl1.0_reg0.5",
  "model_name": "models/t5-small",
  "n_way": 5,
  "k_shot": 5,
  "cl_weight": 1.0,
  "weight_decay": 0.5,
  "temperature": 0.5,
  "seed": 42,
  "best_dev_acc": 0.8551999735832214,
  "test_acc": 0.8546666446328163,
  "test_acc_std": 0.10865644143441673,
  "test_acc_ci95": 0.008694326066843547,
  "n_test_episodes": 600,
  "per_relation_acc": {
    "P463": 0.7256544502617801,
    "P412": 0.9399014778325123,
    "P40": 0.729608938547486,
    "P410": 0.9595959595959596,
    "P364": 0.9751351351351352,
    "P25": 0.7682539682539683,
    "P2094": 0.9528735632183908,
    "P641": 0.8857142857142857,
    "P177": 0.983957219251337,
    "P413": 0.9807106598984772,
    "P921": 0.7962962962962963,
    "P26": 0.7333333333333333,
    "P155": 0.7176470588235294,
    "P361": 0.57125,
    "P206": 0.9382198952879581,
    "P59": 0.9625668449197861
  },
  "episodes": 2000
}