{
  "run_id": "abl_N_t5_cl1.0",
  "model_name": "models/t5-small",
  "n_way": 5,
  "k_shot": 5,
  "cl_weight": 1.0,
  "weight_decay": 0.0,
  "temperature": 0.5,
  "seed": 42,
  "best_dev_acc": 0.8631999778747559,
  "test_acc": 0.873533312578996,
  "test_acc_std": 0.1035286567827054,
  "test_acc_ci95": 0.008284017840529661,
  "n_test_episodes": 600,
  "per_relation_acc": {
    "P463": 0.7905759162303665,
    "P412": 0.9655172413793104,
    "P40": 0.7418994413407821,
    "P410": 0.9616161616161616,
    "P364": 0.985945945945946,
    "P25": 0.7481481481481481,
    "P2094": 0.9655172413793104,
    "P641": 0.9270935960591133,
    "P177": 0.9850267379679144,
    "P413": 0.9746192893401016,
    "P921": 0.8111111111111111,
    "P26": 0.7352657004830918,
    "P155": 0.7903743315508022,
    "P361": 0.61625,
    "P206": 0.9434554973821989,
    "P59": 0.983957219251337
  },
  "episodes": 2000
}