{
  "run_id": "abl_P_t5_ce",
  "model_name": "models/t5-small",
  "n_way": 5,
  "k_shot": 5,
  "cl_weight": 0.0,
  "weight_decay": 0.0,
  "temperature": 0.5,
  "seed": 42,
  "best_dev_acc": 0.8663999772071839,
  "test_acc": 0.8773333118359248,
  "test_acc_std": 0.10501217110271477,
  "test_acc_ci95": 0.008402723708794068,
  "n_test_episodes": 600,
  "per_relation_acc": {
    "P463": 0.7895287958115184,
    "P412": 0.9724137931034482,
    "P40": 0.7441340782122905,
    "P410": 0.9707070707070707,
    "P364": 0.9891891891891892,
    "P25": 0.7682539682539683,
    "P2094": 0.9655172413793104,
    "P641": 0.9270935960591133,
    "P177": 0.983957219251337,
    "P413": 0.9888324873096447,
    "P921": 0.8185185185185185,
    "P26": 0.7458937198067633,
    "P155": 0.7893048128342246,
    "P361": 0.615,
    "P206": 0.9350785340314136,
    "P59": 0.9818181818181818
  },
  "episodes": 2000
}