{
  "run_id": "abl_N_t5_cl1.0_reg1.0",
  "model_name": "models/t5-small",
  "n_way": 5,
  "k_shot": 5,
  "cl_weight": 1.0,
  "weight_decay": 1.0,
  "temperature": 0.5,
  "seed": 42,
  "best_dev_acc": 0.861599977016449,
  "test_acc": 0.8721999781330426,
  "test_acc_std": 0.10400237439941289,
  "test_acc_ci95": 0.008321923144337617,
  "n_test_episodes": 600,
  "per_relation_acc": {
    "P463": 0.7853403141361257,
    "P412": 0.9645320197044335,
    "P40": 0.7363128491620111,
    "P410": 0.9595959595959596,
    "P364": 0.9848648648648649,
    "P25": 0.7597883597883598,
    "P2094": 0.9632183908045977,
    "P641": 0.9300492610837439,
    "P177": 0.9807486631016042,
    "P413": 0.9766497461928934,
    "P921": 0.8,
    "P26": 0.7352657004830918,
    "P155": 0.7893048128342246,
    "P361": 0.6075,
    "P206": 0.9445026178010472,
    "P59": 0.983957219251337
  },
  "episodes": 2000
}