{
  "run_id": "abl_P_t5_cl1.0_reg1.0",
  "model_name": "models/t5-small",
  "n_way": 5,
  "k_shot": 5,
  "cl_weight": 1.0,
  "weight_decay": 1.0,
  "temperature": 0.5,
  "seed": 42,
  "best_dev_acc": 0.8535999739170075,
  "test_acc": 0.8539333109557629,
  "test_acc_std": 0.10819979537850315,
  "test_acc_ci95": 0.008657786772395485,
  "n_test_episodes": 600,
  "per_relation_acc": {
    "P463": 0.7162303664921466,
    "P412": 0.9359605911330049,
    "P40": 0.729608938547486,
    "P410": 0.9595959595959596,
    "P364": 0.9762162162162162,
    "P25": 0.7661375661375661,
    "P2094": 0.9517241379310345,
    "P641": 0.8876847290640394,
    "P177": 0.983957219251337,
    "P413": 0.9796954314720813,
    "P921": 0.7962962962962963,
    "P26": 0.7333333333333333,
    "P155": 0.7155080213903743,
    "P361": 0.57125,
    "P206": 0.9424083769633508,
    "P59": 0.9636363636363636
  },
  "episodes": 2000
}