{
  "run_id": "t1N_t5_10w1s",
  "model_name": "models/t5-small",
  "n_way": 10,
  "k_shot": 1,
  "cl_weight": 1.0,
  "weight_decay": 0.01,
  "temperature": 0.5,
  "seed": 42,
  "best_dev_acc": 0.7683999800682068,
  "test_acc": 0.6681666510303815,
  "test_acc_std": 0.08365388222757654,
  "test_acc_ci95": 0.0066937046643743975,
  "n_test_episodes": 600,
  "per_relation_acc": {
    "P463": 0.4323076923076923,
    "P412": 0.909367088607595,
    "P40": 0.558288770053476,
    "P410": 0.8895833333333333,
    "P364": 0.9139896373056995,
    "P2094": 0.9481081081081081,
    "P413": 0.8980392156862745,
    "P361": 0.14588859416445624,
    "P641": 0.6398950131233596,
    "P177": 0.9279569892473118,
    "P25": 0.5438888888888889,
    "P155": 0.32596401028277633,
    "P206": 0.7409356725146199,
    "P26": 0.4813131313131313,
    "P59": 0.9493112947658402,
    "P921": 0.41593406593406596
  },
  "episodes": 2000
}