{
  "run_id": "t1N_albert_10w1s",
  "model_name": "models/albert-base-v2",
  "n_way": 10,
  "k_shot": 1,
  "cl_weight": 1.0,
  "weight_decay": 0.01,
  "temperature": 0.5,
  "seed": 42,
  "best_dev_acc": 0.9419999742507934,
  "test_acc": 0.7212999834120274,
  "test_acc_std": 0.08455555935486699,
  "test_acc_ci95": 0.0067658538609446685,
  "n_test_episodes": 600,
  "per_relation_acc": {
    "P463": 0.4015384615384615,
    "P412": 0.9605063291139241,
    "P40": 0.567379679144385,
    "P410": 0.9697916666666667,
    "P364": 0.9994818652849741,
    "P2094": 0.994054054054054,
    "P413": 0.9820728291316526,
    "P361": 0.20106100795755968,
    "P641": 0.7023622047244095,
    "P177": 0.9387096774193548,
    "P25": 0.5672222222222222,
    "P155": 0.7300771208226221,
    "P206": 0.6859649122807018,
    "P26": 0.5161616161616162,
    "P59": 0.90633608815427,
    "P921": 0.4236263736263736
  },
  "episodes": 2000
}