{
  "run_id": "t1N_bert_5w1s",
  "model_name": "models/bert-base-uncased",
  "n_way": 5,
  "k_shot": 1,
  "cl_weight": 1.0,
  "weight_decay": 0.01,
  "temperature": 0.5,
  "seed": 42,
  "best_dev_acc": 0.8647999751567841,
  "test_acc": 0.8498666459321975,
  "test_acc_std": 0.11643016231027417,
  "test_acc_ci95": 0.009316353285433508,
  "n_test_episodes": 600,
  "per_relation_acc": {
    "P463": 0.656701030927835,
    "P412": 1.0,
    "P40": 0.7553191489361702,
    "P410": 0.9941176470588236,
    "P364": 0.9978835978835979,
    "P26": 0.7298969072164948,
    "P921": 0.6745762711864407,
    "P641": 0.8656410256410256,
    "P177": 0.9957671957671957,
    "P2094": 0.9858490566037735,
    "P361": 0.46352941176470586,
    "P155": 0.804,
    "P59": 0.9989473684210526,
    "P206": 0.8905027932960894,
    "P25": 0.7645161290322581,
    "P413": 0.988
  },
  "episodes": 2000
}