{
  "run_id": "t1N_albert_10w5s",
  "model_name": "models/albert-base-v2",
  "n_way": 10,
  "k_shot": 5,
  "cl_weight": 1.0,
  "weight_decay": 0.01,
  "temperature": 0.5,
  "seed": 42,
  "best_dev_acc": 0.9647999787330628,
  "test_acc": 0.838799977004528,
  "test_acc_std": 0.06840974330697729,
  "test_acc_ci95": 0.005473919508204453,
  "n_test_episodes": 600,
  "per_relation_acc": {
    "P463": 0.7487870619946092,
    "P412": 0.9855614973262032,
    "P40": 0.6772020725388601,
    "P410": 0.9681697612732095,
    "P364": 0.9960563380281691,
    "P2094": 0.9884514435695538,
    "P413": 0.994475138121547,
    "P361": 0.45951742627345843,
    "P641": 0.8872062663185378,
    "P177": 0.9825192802056555,
    "P921": 0.7529100529100529,
    "P25": 0.6252010723860589,
    "P155": 0.859846547314578,
    "P59": 0.9790633608815427,
    "P26": 0.6542465753424658,
    "P206": 0.8659630606860158
  },
  "episodes": 2000
}