{
  "run_id": "t1N_t5_5w1s",
  "model_name": "models/t5-small",
  "n_way": 5,
  "k_shot": 1,
  "cl_weight": 1.0,
  "weight_decay": 0.01,
  "temperature": 0.5,
  "seed": 42,
  "best_dev_acc": 0.7495999777317047,
  "test_acc": 0.7755333114663759,
  "test_acc_std": 0.12270852240721673,
  "test_acc_ci95": 0.009818726721626201,
  "n_test_episodes": 600,
  "per_relation_acc": {
    "P463": 0.5082474226804123,
    "P412": 0.9437125748502994,
    "P40": 0.7574468085106383,
    "P410": 0.9176470588235294,
    "P364": 0.9417989417989417,
    "P26": 0.7041237113402062,
    "P921": 0.5977401129943503,
    "P641": 0.8451282051282051,
    "P177": 0.9682539682539683,
    "P2094": 0.9716981132075472,
    "P361": 0.2917647058823529,
    "P155": 0.394,
    "P59": 0.98,
    "P206": 0.8759776536312849,
    "P25": 0.7559139784946236,
    "P413": 0.929
  },
  "episodes": 2000
}