{
  "run_id": "t1N_deberta_10w1s",
  "model_name": "models/microsoft__deberta-v3-base",
  "n_way": 10,
  "k_shot": 1,
  "cl_weight": 1.0,
  "weight_decay": 0.01,
  "temperature": 0.5,
  "seed": 42,
  "best_dev_acc": 0.1443999957293272,
  "test_acc": 0.139033329586188,
  "test_acc_std": 0.05086975588286183,
  "test_acc_ci95": 0.004070428211596507,
  "n_test_episodes": 600,
  "per_relation_acc": {
    "P463": 0.10102564102564103,
    "P412": 0.17063291139240505,
    "P40": 0.13529411764705881,
    "P410": 0.1203125,
    "P364": 0.1538860103626943,
    "P2094": 0.14,
    "P413": 0.15854341736694677,
    "P361": 0.10875331564986737,
    "P641": 0.11181102362204724,
    "P177": 0.1435483870967742,
    "P25": 0.13777777777777778,
    "P155": 0.11311053984575835,
    "P206": 0.14736842105263157,
    "P26": 0.1111111111111111,
    "P59": 0.2606060606060606,
    "P921": 0.11868131868131868
  },
  "episodes": 2000
}