{
  "run_id": "t1N_t5_10w5s",
  "model_name": "models/t5-small",
  "n_way": 10,
  "k_shot": 5,
  "cl_weight": 1.0,
  "weight_decay": 0.01,
  "temperature": 0.5,
  "seed": 42,
  "best_dev_acc": 0.8739999759197236,
  "test_acc": 0.7787666481733322,
  "test_acc_std": 0.07773766549755076,
  "test_acc_ci95": 0.0062203087326292384,
  "n_test_episodes": 600,
  "per_relation_acc": {
    "P463": 0.6663072776280323,
    "P412": 0.9679144385026738,
    "P40": 0.566839378238342,
    "P410": 0.9358090185676392,
    "P364": 0.9633802816901409,
    "P2094": 0.9511811023622048,
    "P413": 0.9712707182320443,
    "P361": 0.35656836461126007,
    "P641": 0.8736292428198433,
    "P177": 0.9732647814910026,
    "P921": 0.6666666666666666,
    "P25": 0.5876675603217159,
    "P155": 0.6659846547314578,
    "P59": 0.9641873278236914,
    "P26": 0.5041095890410959,
    "P206": 0.8548812664907651
  },
  "episodes": 2000
}