{
  "run_id": "t1N_albert_5w5s",
  "model_name": "models/albert-base-v2",
  "n_way": 5,
  "k_shot": 5,
  "cl_weight": 1.0,
  "weight_decay": 0.01,
  "temperature": 0.5,
  "seed": 42,
  "best_dev_acc": 0.9007999753952026,
  "test_acc": 0.8927999814351399,
  "test_acc_std": 0.09844877247934025,
  "test_acc_ci95": 0.007877542440339466,
  "n_test_episodes": 600,
  "per_relation_acc": {
    "P463": 0.7643979057591623,
    "P412": 0.9950738916256158,
    "P40": 0.7877094972067039,
    "P410": 0.9888888888888889,
    "P364": 0.9967567567567568,
    "P25": 0.7873015873015873,
    "P2094": 0.9942528735632183,
    "P641": 0.8492610837438423,
    "P177": 0.9807486631016042,
    "P413": 0.9857868020304569,
    "P921": 0.9098765432098765,
    "P26": 0.7439613526570048,
    "P155": 0.895187165775401,
    "P361": 0.69625,
    "P206": 0.9057591623036649,
    "P59": 0.9850267379679144
  },
  "episodes": 2000
}