{
  "run_id": "t1N_bert_10w1s",
  "model_name": "models/bert-base-uncased",
  "n_way": 10,
  "k_shot": 1,
  "cl_weight": 1.0,
  "weight_decay": 0.01,
  "temperature": 0.5,
  "seed": 42,
  "best_dev_acc": 0.9695999813079834,
  "test_acc": 0.7710999803741773,
  "test_acc_std": 0.08434920932870568,
  "test_acc_ci95": 0.006749342420042833,
  "n_test_episodes": 600,
  "per_relation_acc": {
    "P463": 0.5097435897435898,
    "P412": 0.9959493670886076,
    "P40": 0.6561497326203208,
    "P410": 0.99375,
    "P364": 0.9968911917098445,
    "P2094": 0.9913513513513513,
    "P413": 0.9921568627450981,
    "P361": 0.23448275862068965,
    "P641": 0.7958005249343832,
    "P177": 0.9903225806451613,
    "P25": 0.6483333333333333,
    "P155": 0.8760925449871465,
    "P206": 0.7070175438596491,
    "P26": 0.5232323232323233,
    "P59": 0.9619834710743802,
    "P921": 0.46483516483516485
  },
  "episodes": 2000
}