{
  "run_id": "t1N_deberta_10w5s",
  "model_name": "models/microsoft__deberta-v3-base",
  "n_way": 10,
  "k_shot": 5,
  "cl_weight": 1.0,
  "weight_decay": 0.01,
  "temperature": 0.5,
  "seed": 42,
  "best_dev_acc": 0.735999983549118,
  "test_acc": 0.4443666545301676,
  "test_acc_std": 0.08519154007296499,
  "test_acc_ci95": 0.006816742916967241,
  "n_test_episodes": 600,
  "per_relation_acc": {
    "P463": 0.1654986522911051,
    "P412": 0.8449197860962567,
    "P40": 0.5093264248704663,
    "P410": 0.7994694960212202,
    "P364": 0.4630985915492958,
    "P2094": 0.6026246719160105,
    "P413": 0.39060773480662986,
    "P361": 0.11635388739946381,
    "P641": 0.17754569190600522,
    "P177": 0.655012853470437,
    "P921": 0.3306878306878307,
    "P25": 0.4836461126005362,
    "P155": 0.25933503836317134,
    "P59": 0.28539944903581266,
    "P26": 0.27671232876712326,
    "P206": 0.732981530343008
  },
  "episodes": 2000
}