{
  "run_id": "t1N_roberta_10w5s",
  "model_name": "models/roberta-base",
  "n_way": 10,
  "k_shot": 5,
  "cl_weight": 1.0,
  "weight_decay": 0.01,
  "temperature": 0.5,
  "seed": 42,
  "best_dev_acc": 0.9779999828338624,
  "test_acc": 0.8895333097378413,
  "test_acc_std": 0.059012279668704856,
  "test_acc_ci95": 0.004721965809060332,
  "n_test_episodes": 600,
  "per_relation_acc": {
    "P463": 0.8425876010781671,
    "P412": 0.9962566844919786,
    "P40": 0.8606217616580311,
    "P410": 0.9809018567639257,
    "P364": 0.9909859154929578,
    "P2094": 0.9900262467191601,
    "P413": 0.9966850828729282,
    "P361": 0.4954423592493298,
    "P641": 0.9289817232375979,
    "P177": 0.9917737789203085,
    "P921": 0.755026455026455,
    "P25": 0.7903485254691689,
    "P155": 0.9171355498721228,
    "P59": 0.9977961432506887,
    "P26": 0.7638356164383562,
    "P206": 0.9340369393139841
  },
  "episodes": 2000
}