{
  "run_id": "t1N_deberta_5w1s",
  "model_name": "models/microsoft__deberta-v3-base",
  "n_way": 5,
  "k_shot": 1,
  "cl_weight": 1.0,
  "weight_decay": 0.01,
  "temperature": 0.5,
  "seed": 42,
  "best_dev_acc": 0.23839999347925186,
  "test_acc": 0.26999999237557254,
  "test_acc_std": 0.10364683312842832,
  "test_acc_ci95": 0.008293473917588133,
  "n_test_episodes": 600,
  "per_relation_acc": {
    "P463": 0.2329896907216495,
    "P412": 0.21437125748502994,
    "P40": 0.2702127659574468,
    "P410": 0.2235294117647059,
    "P364": 0.23915343915343915,
    "P26": 0.2175257731958763,
    "P921": 0.28361581920903955,
    "P641": 0.25846153846153846,
    "P177": 0.3058201058201058,
    "P2094": 0.27358490566037735,
    "P361": 0.23529411764705882,
    "P155": 0.286,
    "P59": 0.3368421052631579,
    "P206": 0.31843575418994413,
    "P25": 0.27956989247311825,
    "P413": 0.331
  },
  "episodes": 2000
}