{
  "run_id": "t1N_roberta_10w1s",
  "model_name": "models/roberta-base",
  "n_way": 10,
  "k_shot": 1,
  "cl_weight": 1.0,
  "weight_decay": 0.01,
  "temperature": 0.5,
  "seed": 42,
  "best_dev_acc": 0.9619999814033509,
  "test_acc": 0.7694999805589517,
  "test_acc_std": 0.08010669501136,
  "test_acc_ci95": 0.006409870573447165,
  "n_test_episodes": 600,
  "per_relation_acc": {
    "P463": 0.6225641025641026,
    "P412": 0.9762025316455696,
    "P40": 0.6326203208556149,
    "P410": 0.9661458333333334,
    "P364": 0.989119170984456,
    "P2094": 0.9902702702702703,
    "P413": 0.9445378151260504,
    "P361": 0.2530503978779841,
    "P641": 0.7028871391076116,
    "P177": 0.9763440860215054,
    "P25": 0.6094444444444445,
    "P155": 0.9023136246786633,
    "P206": 0.7608187134502924,
    "P26": 0.5454545454545454,
    "P59": 0.9504132231404959,
    "P921": 0.4879120879120879
  },
  "episodes": 2000
}