{
  "run_id": "t1N_bert_5w5s",
  "model_name": "models/bert-base-uncased",
  "n_way": 5,
  "k_shot": 5,
  "cl_weight": 1.0,
  "weight_decay": 0.01,
  "temperature": 0.5,
  "seed": 42,
  "best_dev_acc": 0.9343999779224396,
  "test_acc": 0.9321999843915304,
  "test_acc_std": 0.08166901463588785,
  "test_acc_ci95": 0.006534882179358007,
  "n_test_episodes": 600,
  "per_relation_acc": {
    "P463": 0.8963350785340314,
    "P412": 1.0,
    "P40": 0.8357541899441341,
    "P410": 0.997979797979798,
    "P364": 1.0,
    "P25": 0.7978835978835979,
    "P2094": 0.9954022988505747,
    "P641": 0.9576354679802955,
    "P177": 0.9903743315508021,
    "P413": 1.0,
    "P921": 0.8950617283950617,
    "P26": 0.8347826086956521,
    "P155": 0.9358288770053476,
    "P361": 0.76625,
    "P206": 0.981151832460733,
    "P59": 0.9989304812834224
  },
  "episodes": 2000
}