{
  "run_id": "t1N_roberta_5w5s",
  "model_name": "models/roberta-base",
  "n_way": 5,
  "k_shot": 5,
  "cl_weight": 1.0,
  "weight_decay": 0.01,
  "temperature": 0.5,
  "seed": 42,
  "best_dev_acc": 0.9295999777317047,
  "test_acc": 0.9365333184599877,
  "test_acc_std": 0.07567463323563742,
  "test_acc_ci95": 0.0060552317713860465,
  "n_test_episodes": 600,
  "per_relation_acc": {
    "P463": 0.8827225130890053,
    "P412": 0.9980295566502463,
    "P40": 0.8368715083798882,
    "P410": 0.998989898989899,
    "P364": 1.0,
    "P25": 0.837037037037037,
    "P2094": 0.9942528735632183,
    "P641": 0.9438423645320198,
    "P177": 0.9957219251336898,
    "P413": 0.9979695431472081,
    "P921": 0.9111111111111111,
    "P26": 0.8241545893719807,
    "P155": 0.9711229946524064,
    "P361": 0.815,
    "P206": 0.9602094240837696,
    "P59": 0.9978609625668449
  },
  "episodes": 2000
}