{
  "run_id": "t1N_roberta_5w1s",
  "model_name": "models/roberta-base",
  "n_way": 5,
  "k_shot": 1,
  "cl_weight": 1.0,
  "weight_decay": 0.01,
  "temperature": 0.5,
  "seed": 42,
  "best_dev_acc": 0.8679999780654907,
  "test_acc": 0.852933311611414,
  "test_acc_std": 0.1104569118247449,
  "test_acc_ci95": 0.008838393702784473,
  "n_test_episodes": 600,
  "per_relation_acc": {
    "P463": 0.6639175257731958,
    "P412": 0.9832335329341317,
    "P40": 0.8042553191489362,
    "P410": 0.9811764705882353,
    "P364": 1.0,
    "P26": 0.7855670103092783,
    "P921": 0.592090395480226,
    "P641": 0.8533333333333334,
    "P177": 0.9788359788359788,
    "P2094": 0.9849056603773585,
    "P361": 0.4541176470588235,
    "P155": 0.872,
    "P59": 0.9957894736842106,
    "P206": 0.8748603351955307,
    "P25": 0.8032258064516129,
    "P413": 0.973
  },
  "episodes": 2000
}