{
  "run_id": "t1N_deberta_5w5s",
  "model_name": "models/microsoft__deberta-v3-base",
  "n_way": 5,
  "k_shot": 5,
  "cl_weight": 1.0,
  "weight_decay": 0.01,
  "temperature": 0.5,
  "seed": 42,
  "best_dev_acc": 0.2663999912142754,
  "test_acc": 0.23873332707832257,
  "test_acc_std": 0.08669330173938662,
  "test_acc_ci95": 0.006936908877035397,
  "n_test_episodes": 600,
  "per_relation_acc": {
    "P463": 0.20209424083769634,
    "P412": 0.2354679802955665,
    "P40": 0.23128491620111732,
    "P410": 0.25252525252525254,
    "P364": 0.28864864864864864,
    "P25": 0.21164021164021163,
    "P2094": 0.2482758620689655,
    "P641": 0.2246305418719212,
    "P177": 0.2374331550802139,
    "P413": 0.22842639593908629,
    "P921": 0.3469135802469136,
    "P26": 0.2106280193236715,
    "P155": 0.25240641711229944,
    "P361": 0.1975,
    "P206": 0.21151832460732983,
    "P59": 0.2556149732620321
  },
  "episodes": 2000
}