{
  "run_id": "t1N_bert_10w5s",
  "model_name": "models/bert-base-uncased",
  "n_way": 10,
  "k_shot": 5,
  "cl_weight": 1.0,
  "weight_decay": 0.01,
  "temperature": 0.5,
  "seed": 42,
  "best_dev_acc": 0.9803999817371368,
  "test_acc": 0.8755999754865964,
  "test_acc_std": 0.06205889676806092,
  "test_acc_ci95": 0.004965745948672308,
  "n_test_episodes": 600,
  "per_relation_acc": {
    "P463": 0.8921832884097035,
    "P412": 0.9994652406417113,
    "P40": 0.7321243523316062,
    "P410": 0.9941644562334218,
    "P364": 0.9966197183098592,
    "P2094": 0.9853018372703412,
    "P413": 0.9988950276243094,
    "P361": 0.5538873994638069,
    "P641": 0.8976501305483029,
    "P177": 0.9943444730077121,
    "P921": 0.783068783068783,
    "P25": 0.7281501340482573,
    "P155": 0.9237851662404092,
    "P59": 0.9972451790633609,
    "P26": 0.6635616438356164,
    "P206": 0.8717678100263853
  },
  "episodes": 2000
}