{
  "run_id": "t1N_albert_5w1s",
  "model_name": "models/albert-base-v2",
  "n_way": 5,
  "k_shot": 1,
  "cl_weight": 1.0,
  "weight_decay": 0.01,
  "temperature": 0.5,
  "seed": 42,
  "best_dev_acc": 0.7991999787092209,
  "test_acc": 0.8024666447937489,
  "test_acc_std": 0.1219695934510402,
  "test_acc_ci95": 0.009759600090932071,
  "n_test_episodes": 600,
  "per_relation_acc": {
    "P463": 0.48556701030927835,
    "P412": 0.9772455089820359,
    "P40": 0.7712765957446809,
    "P410": 0.92,
    "P364": 0.9798941798941799,
    "P26": 0.7175257731958763,
    "P921": 0.5581920903954802,
    "P641": 0.7928205128205128,
    "P177": 0.9756613756613757,
    "P2094": 0.9556603773584905,
    "P361": 0.38823529411764707,
    "P155": 0.753,
    "P59": 0.9421052631578948,
    "P206": 0.8458100558659218,
    "P25": 0.7827956989247312,
    "P413": 0.956
  },
  "episodes": 2000
}