{
  "run_id": "t1N_t5_5w5s",
  "model_name": "models/t5-small",
  "n_way": 5,
  "k_shot": 5,
  "cl_weight": 1.0,
  "weight_decay": 0.01,
  "temperature": 0.5,
  "seed": 42,
  "best_dev_acc": 0.8639999771118164,
  "test_acc": 0.8734666455785434,
  "test_acc_std": 0.10379458615202133,
  "test_acc_ci95": 0.008305296621769504,
  "n_test_episodes": 600,
  "per_relation_acc": {
    "P463": 0.7884816753926701,
    "P412": 0.9625615763546798,
    "P40": 0.7418994413407821,
    "P410": 0.9626262626262626,
    "P364": 0.985945945945946,
    "P25": 0.7523809523809524,
    "P2094": 0.9666666666666667,
    "P641": 0.9270935960591133,
    "P177": 0.9850267379679144,
    "P413": 0.9746192893401016,
    "P921": 0.8123456790123457,
    "P26": 0.7333333333333333,
    "P155": 0.7893048128342246,
    "P361": 0.615,
    "P206": 0.9445026178010472,
    "P59": 0.983957219251337
  },
  "episodes": 2000
}