{
  "run_id": "t1P_bert_5w5s",
  "model_name": "models/bert-base-uncased",
  "n_way": 5,
  "k_shot": 5,
  "cl_weight": 1.0,
  "weight_decay": 0.01,
  "temperature": 0.5,
  "seed": 42,
  "best_dev_acc": 0.9175999772548675,
  "test_acc": 0.890466648042202,
  "test_acc_std": 0.10829489012806817,
  "test_acc_ci95": 0.008665395937108118,
  "n_test_episodes": 600,
  "per_relation_acc": {
    "P463": 0.8010471204188482,
    "P412": 0.9970443349753695,
    "P40": 0.7441340782122905,
    "P410": 0.9959595959595959,
    "P364": 1.0,
    "P25": 0.7544973544973544,
    "P2094": 0.967816091954023,
    "P641": 0.9596059113300492,
    "P177": 0.9967914438502674,
    "P413": 0.9959390862944163,
    "P921": 0.8222222222222222,
    "P26": 0.7507246376811594,
    "P155": 0.8106951871657754,
    "P361": 0.67375,
    "P206": 0.9319371727748691,
    "P59": 0.9957219251336898
  },
  "episodes": 2000
}