{
  "run_id": "t1P_roberta_10w1s",
  "model_name": "models/roberta-base",
  "n_way": 10,
  "k_shot": 1,
  "cl_weight": 1.0,
  "weight_decay": 0.01,
  "temperature": 0.5,
  "seed": 42,
  "best_dev_acc": 0.9639999842643738,
  "test_acc": 0.7294333171347777,
  "test_acc_std": 0.0838551018329777,
  "test_acc_ci95": 0.006709805586117314,
  "n_test_episodes": 600,
  "per_relation_acc": {
    "P463": 0.48717948717948717,
    "P412": 0.9164556962025316,
    "P40": 0.604812834224599,
    "P410": 0.9645833333333333,
    "P364": 0.9906735751295337,
    "P2094": 0.9951351351351352,
    "P413": 0.9736694677871148,
    "P361": 0.21750663129973474,
    "P641": 0.641994750656168,
    "P177": 0.9596774193548387,
    "P25": 0.5844444444444444,
    "P155": 0.7676092544987146,
    "P206": 0.716374269005848,
    "P26": 0.552020202020202,
    "P59": 0.9008264462809917,
    "P921": 0.40274725274725276
  },
  "episodes": 2000
}