{
  "run_id": "t1P_t5_5w5s",
  "model_name": "models/t5-small",
  "n_way": 5,
  "k_shot": 5,
  "cl_weight": 1.0,
  "weight_decay": 0.01,
  "temperature": 0.5,
  "seed": 42,
  "best_dev_acc": 0.8527999722957611,
  "test_acc": 0.8612666457891465,
  "test_acc_std": 0.10943976562650613,
  "test_acc_ci95": 0.008757005056254246,
  "n_test_episodes": 600,
  "per_relation_acc": {
    "P463": 0.7476439790575916,
    "P412": 0.954679802955665,
    "P40": 0.7452513966480447,
    "P410": 0.9666666666666667,
    "P364": 0.9805405405405405,
    "P25": 0.762962962962963,
    "P2094": 0.9586206896551724,
    "P641": 0.903448275862069,
    "P177": 0.9828877005347594,
    "P413": 0.9857868020304569,
    "P921": 0.817283950617284,
    "P26": 0.7342995169082126,
    "P155": 0.7176470588235294,
    "P361": 0.57,
    "P206": 0.9350785340314136,
    "P59": 0.9636363636363636
  },
  "episodes": 2000
}