{
  "run_id": "t1P_albert_10w5s",
  "model_name": "models/albert-base-v2",
  "n_way": 10,
  "k_shot": 5,
  "cl_weight": 1.0,
  "weight_decay": 0.01,
  "temperature": 0.5,
  "seed": 42,
  "best_dev_acc": 0.9551999819278717,
  "test_acc": 0.7893333117167155,
  "test_acc_std": 0.07713767875704862,
  "test_acc_ci95": 0.006172299794651485,
  "n_test_episodes": 600,
  "per_relation_acc": {
    "P463": 0.7266846361185983,
    "P412": 0.983957219251337,
    "P40": 0.6658031088082902,
    "P410": 0.96657824933687,
    "P364": 0.9960563380281691,
    "P2094": 0.937007874015748,
    "P413": 0.9679558011049724,
    "P361": 0.36300268096514743,
    "P641": 0.5994778067885117,
    "P177": 0.9650385604113111,
    "P921": 0.5592592592592592,
    "P25": 0.6568364611260054,
    "P155": 0.8731457800511508,
    "P59": 0.9763085399449036,
    "P26": 0.5813698630136986,
    "P206": 0.8211081794195251
  },
  "episodes": 2000
}