{
  "run_id": "t1P_roberta_10w5s",
  "model_name": "models/roberta-base",
  "n_way": 10,
  "k_shot": 5,
  "cl_weight": 1.0,
  "weight_decay": 0.01,
  "temperature": 0.5,
  "seed": 42,
  "best_dev_acc": 0.9731999826431275,
  "test_acc": 0.7979666457076867,
  "test_acc_std": 0.07812296680546717,
  "test_acc_ci95": 0.006251139258282229,
  "n_test_episodes": 600,
  "per_relation_acc": {
    "P463": 0.6749326145552561,
    "P412": 0.9951871657754011,
    "P40": 0.694818652849741,
    "P410": 0.9846153846153847,
    "P364": 0.9926760563380281,
    "P2094": 0.973753280839895,
    "P413": 0.9983425414364641,
    "P361": 0.39517426273458445,
    "P641": 0.6245430809399478,
    "P177": 0.9372750642673522,
    "P921": 0.6666666666666666,
    "P25": 0.6477211796246649,
    "P155": 0.9478260869565217,
    "P59": 0.9559228650137741,
    "P26": 0.5342465753424658,
    "P206": 0.7482849604221636
  },
  "episodes": 2000
}