{
  "run_id": "t1P_roberta_5w5s",
  "model_name": "models/roberta-base",
  "n_way": 5,
  "k_shot": 5,
  "cl_weight": 1.0,
  "weight_decay": 0.01,
  "temperature": 0.5,
  "seed": 42,
  "best_dev_acc": 0.9039999759197235,
  "test_acc": 0.8888666475315888,
  "test_acc_std": 0.10880586560110508,
  "test_acc_ci95": 0.00870628249032203,
  "n_test_episodes": 600,
  "per_relation_acc": {
    "P463": 0.818848167539267,
    "P412": 0.9950738916256158,
    "P40": 0.7251396648044692,
    "P410": 0.9737373737373738,
    "P364": 1.0,
    "P25": 0.7703703703703704,
    "P2094": 0.9781609195402299,
    "P641": 0.9763546798029556,
    "P177": 0.9914438502673797,
    "P413": 0.9472081218274112,
    "P921": 0.774074074074074,
    "P26": 0.7526570048309179,
    "P155": 0.8770053475935828,
    "P361": 0.66875,
    "P206": 0.9246073298429319,
    "P59": 0.9935828877005347
  },
  "episodes": 2000
}