{
  "run_id": "t1P_bert_10w5s",
  "model_name": "models/bert-base-uncased",
  "n_way": 10,
  "k_shot": 5,
  "cl_weight": 1.0,
  "weight_decay": 0.01,
  "temperature": 0.5,
  "seed": 42,
  "best_dev_acc": 0.9723999798297882,
  "test_acc": 0.8130333117643992,
  "test_acc_std": 0.07399187911268613,
  "test_acc_ci95": 0.005920583398568734,
  "n_test_episodes": 600,
  "per_relation_acc": {
    "P463": 0.7153638814016172,
    "P412": 0.9935828877005347,
    "P40": 0.6305699481865285,
    "P410": 0.9830238726790451,
    "P364": 0.9960563380281691,
    "P2094": 0.9354330708661417,
    "P413": 0.9955801104972376,
    "P361": 0.3844504021447721,
    "P641": 0.7796344647519582,
    "P177": 0.9861182519280206,
    "P921": 0.6597883597883598,
    "P25": 0.6353887399463807,
    "P155": 0.9273657289002557,
    "P59": 0.9674931129476584,
    "P26": 0.5435616438356164,
    "P206": 0.8775725593667546
  },
  "episodes": 2000
}