{
  "run_id": "t1P_albert_10w1s",
  "model_name": "models/albert-base-v2",
  "n_way": 10,
  "k_shot": 1,
  "cl_weight": 1.0,
  "weight_decay": 0.01,
  "temperature": 0.5,
  "seed": 42,
  "best_dev_acc": 0.9375999760627747,
  "test_acc": 0.7013666511078676,
  "test_acc_std": 0.08954029896759869,
  "test_acc_ci95": 0.00716471610030449,
  "n_test_episodes": 600,
  "per_relation_acc": {
    "P463": 0.4266666666666667,
    "P412": 0.9782278481012658,
    "P40": 0.604812834224599,
    "P410": 0.95625,
    "P364": 0.9968911917098445,
    "P2094": 0.9913513513513513,
    "P413": 0.9557422969187676,
    "P361": 0.21007957559681698,
    "P641": 0.579002624671916,
    "P177": 0.9290322580645162,
    "P25": 0.5744444444444444,
    "P155": 0.6627249357326478,
    "P206": 0.672514619883041,
    "P26": 0.49292929292929294,
    "P59": 0.8506887052341597,
    "P921": 0.34395604395604396
  },
  "episodes": 2000
}