{
  "run_id": "t1P_t5_10w1s",
  "model_name": "models/t5-small",
  "n_way": 10,
  "k_shot": 1,
  "cl_weight": 1.0,
  "weight_decay": 0.01,
  "temperature": 0.5,
  "seed": 42,
  "best_dev_acc": 0.7739999783039093,
  "test_acc": 0.6566666512688001,
  "test_acc_std": 0.08490517434683996,
  "test_acc_ci95": 0.006793828886612195,
  "n_test_episodes": 600,
  "per_relation_acc": {
    "P463": 0.38666666666666666,
    "P412": 0.880506329113924,
    "P40": 0.5588235294117647,
    "P410": 0.896875,
    "P364": 0.8875647668393782,
    "P2094": 0.9259459459459459,
    "P413": 0.9098039215686274,
    "P361": 0.14482758620689656,
    "P641": 0.5989501312335958,
    "P177": 0.9274193548387096,
    "P25": 0.5427777777777778,
    "P155": 0.306426735218509,
    "P206": 0.7660818713450293,
    "P26": 0.46616161616161617,
    "P59": 0.9052341597796143,
    "P921": 0.44065934065934065
  },
  "episodes": 2000
}