{
  "run_id": "t1P_roberta_5w1s",
  "model_name": "models/roberta-base",
  "n_way": 5,
  "k_shot": 1,
  "cl_weight": 1.0,
  "weight_decay": 0.01,
  "temperature": 0.5,
  "seed": 42,
  "best_dev_acc": 0.8311999773979187,
  "test_acc": 0.8203333111107349,
  "test_acc_std": 0.11766572189067273,
  "test_acc_ci95": 0.009415218642380443,
  "n_test_episodes": 600,
  "per_relation_acc": {
    "P463": 0.5463917525773195,
    "P412": 0.9952095808383233,
    "P40": 0.7617021276595745,
    "P410": 0.9705882352941176,
    "P364": 0.9989417989417989,
    "P26": 0.6958762886597938,
    "P921": 0.5129943502824859,
    "P641": 0.8707692307692307,
    "P177": 0.964021164021164,
    "P2094": 0.969811320754717,
    "P361": 0.4164705882352941,
    "P155": 0.788,
    "P59": 0.9789473684210527,
    "P206": 0.8804469273743016,
    "P25": 0.7795698924731183,
    "P413": 0.957
  },
  "episodes": 2000
}