{
  "run_id": "t1P_t5_10w5s",
  "model_name": "models/t5-small",
  "n_way": 10,
  "k_shot": 5,
  "cl_weight": 1.0,
  "weight_decay": 0.01,
  "temperature": 0.5,
  "seed": 42,
  "best_dev_acc": 0.8583999741077423,
  "test_acc": 0.7583999814589818,
  "test_acc_std": 0.07957453057405242,
  "test_acc_ci95": 0.006367288549978975,
  "n_test_episodes": 600,
  "per_relation_acc": {
    "P463": 0.6129380053908355,
    "P412": 0.9588235294117647,
    "P40": 0.5466321243523317,
    "P410": 0.9453580901856764,
    "P364": 0.9583098591549296,
    "P2094": 0.9364829396325459,
    "P413": 0.9712707182320443,
    "P361": 0.2970509383378016,
    "P641": 0.8135770234986945,
    "P177": 0.9722365038560411,
    "P921": 0.6529100529100529,
    "P25": 0.6091152815013405,
    "P155": 0.5918158567774936,
    "P59": 0.943801652892562,
    "P26": 0.503013698630137,
    "P206": 0.8343007915567282
  },
  "episodes": 2000
}