{
  "run_id": "t1P_albert_5w1s",
  "model_name": "models/albert-base-v2",
  "n_way": 5,
  "k_shot": 1,
  "cl_weight": 1.0,
  "weight_decay": 0.01,
  "temperature": 0.5,
  "seed": 42,
  "best_dev_acc": 0.8127999752759933,
  "test_acc": 0.8154666443169117,
  "test_acc_std": 0.11846004416751262,
  "test_acc_ci95": 0.009478777661853503,
  "n_test_episodes": 600,
  "per_relation_acc": {
    "P463": 0.588659793814433,
    "P412": 0.98562874251497,
    "P40": 0.7755319148936171,
    "P410": 0.9129411764705883,
    "P364": 0.9978835978835979,
    "P26": 0.7319587628865979,
    "P921": 0.5627118644067797,
    "P641": 0.7507692307692307,
    "P177": 0.946031746031746,
    "P2094": 0.9556603773584905,
    "P361": 0.43176470588235294,
    "P155": 0.844,
    "P59": 0.9642105263157895,
    "P206": 0.852513966480447,
    "P25": 0.7526881720430108,
    "P413": 0.953
  },
  "episodes": 2000
}