{
  "run_id": "t1P_bert_5w1s",
  "model_name": "models/bert-base-uncased",
  "n_way": 5,
  "k_shot": 1,
  "cl_weight": 1.0,
  "weight_decay": 0.01,
  "temperature": 0.5,
  "seed": 42,
  "best_dev_acc": 0.8447999751567841,
  "test_acc": 0.8301333124438922,
  "test_acc_std": 0.12563962635180073,
  "test_acc_ci95": 0.010053263883837668,
  "n_test_episodes": 600,
  "per_relation_acc": {
    "P463": 0.6309278350515464,
    "P412": 0.9964071856287425,
    "P40": 0.7414893617021276,
    "P410": 0.9882352941176471,
    "P364": 1.0,
    "P26": 0.7185567010309278,
    "P921": 0.6214689265536724,
    "P641": 0.8758974358974358,
    "P177": 0.9830687830687831,
    "P2094": 0.9537735849056603,
    "P361": 0.44,
    "P155": 0.747,
    "P59": 0.9757894736842105,
    "P206": 0.8558659217877095,
    "P25": 0.7602150537634409,
    "P413": 0.964
  },
  "episodes": 2000
}