{
  "run_id": "t1P_deberta_5w5s",
  "model_name": "models/microsoft__deberta-v3-base",
  "n_way": 5,
  "k_shot": 5,
  "cl_weight": 1.0,
  "weight_decay": 0.01,
  "temperature": 0.5,
  "seed": 42,
  "best_dev_acc": 0.5111999833583831,
  "test_acc": 0.5407333200052381,
  "test_acc_std": 0.12033063458024519,
  "test_acc_ci95": 0.009628456068132112,
  "n_test_episodes": 600,
  "per_relation_acc": {
    "P463": 0.18534031413612564,
    "P412": 0.6187192118226601,
    "P40": 0.44581005586592176,
    "P410": 0.592929292929293,
    "P364": 0.9221621621621622,
    "P25": 0.4666666666666667,
    "P2094": 0.7609195402298851,
    "P641": 0.722167487684729,
    "P177": 0.6438502673796791,
    "P413": 0.7147208121827411,
    "P921": 0.5641975308641975,
    "P26": 0.4386473429951691,
    "P155": 0.25240641711229944,
    "P361": 0.18125,
    "P206": 0.5905759162303665,
    "P59": 0.5016042780748663
  },
  "episodes": 2000
}