{
  "run_id": "t1P_deberta_10w5s",
  "model_name": "models/microsoft__deberta-v3-base",
  "n_way": 10,
  "k_shot": 5,
  "cl_weight": 1.0,
  "weight_decay": 0.01,
  "temperature": 0.5,
  "seed": 42,
  "best_dev_acc": 0.12399999663233757,
  "test_acc": 0.11056666379173596,
  "test_acc_std": 0.0449111582307752,
  "test_acc_ci95": 0.003593641099811341,
  "n_test_episodes": 600,
  "per_relation_acc": {
    "P463": 0.08517520215633423,
    "P412": 0.10320855614973262,
    "P40": 0.09067357512953368,
    "P410": 0.11936339522546419,
    "P364": 0.10422535211267606,
    "P2094": 0.10918635170603674,
    "P413": 0.15303867403314916,
    "P361": 0.09490616621983915,
    "P641": 0.12637075718015667,
    "P177": 0.1557840616966581,
    "P921": 0.1,
    "P25": 0.10831099195710456,
    "P155": 0.10690537084398977,
    "P59": 0.08980716253443526,
    "P26": 0.08602739726027397,
    "P206": 0.13403693931398417
  },
  "episodes": 2000
}