{
  "run_id": "t1P_deberta_10w1s",
  "model_name": "models/microsoft__deberta-v3-base",
  "n_way": 10,
  "k_shot": 1,
  "cl_weight": 1.0,
  "weight_decay": 0.01,
  "temperature": 0.5,
  "seed": 42,
  "best_dev_acc": 0.6847999858856201,
  "test_acc": 0.3919666553164522,
  "test_acc_std": 0.08661869495920807,
  "test_acc_ci95": 0.006930939091304275,
  "n_test_episodes": 600,
  "per_relation_acc": {
    "P463": 0.1723076923076923,
    "P412": 0.4962025316455696,
    "P40": 0.48770053475935826,
    "P410": 0.5651041666666666,
    "P364": 0.43316062176165804,
    "P2094": 0.23567567567567568,
    "P413": 0.2711484593837535,
    "P361": 0.14217506631299734,
    "P641": 0.2755905511811024,
    "P177": 0.728494623655914,
    "P25": 0.4938888888888889,
    "P155": 0.28071979434447303,
    "P206": 0.6485380116959064,
    "P26": 0.3691919191919192,
    "P59": 0.44297520661157025,
    "P921": 0.2543956043956044
  },
  "episodes": 2000
}