{
  "run_id": "t1P_albert_5w5s",
  "model_name": "models/albert-base-v2",
  "n_way": 5,
  "k_shot": 5,
  "cl_weight": 1.0,
  "weight_decay": 0.01,
  "temperature": 0.5,
  "seed": 42,
  "best_dev_acc": 0.8943999767303467,
  "test_acc": 0.8665999785562356,
  "test_acc_std": 0.10299081081073164,
  "test_acc_ci95": 0.008240981199605793,
  "n_test_episodes": 600,
  "per_relation_acc": {
    "P463": 0.7413612565445026,
    "P412": 0.9950738916256158,
    "P40": 0.7687150837988826,
    "P410": 0.9585858585858585,
    "P364": 0.9967567567567568,
    "P25": 0.7756613756613756,
    "P2094": 0.9712643678160919,
    "P641": 0.7891625615763547,
    "P177": 0.946524064171123,
    "P413": 0.9715736040609138,
    "P921": 0.7703703703703704,
    "P26": 0.7468599033816425,
    "P155": 0.8887700534759359,
    "P361": 0.62625,
    "P206": 0.9047120418848168,
    "P59": 0.9711229946524064
  },
  "episodes": 2000
}