{
  "run_id": "t1P_deberta_5w1s",
  "model_name": "models/microsoft__deberta-v3-base",
  "n_way": 5,
  "k_shot": 1,
  "cl_weight": 1.0,
  "weight_decay": 0.01,
  "temperature": 0.5,
  "seed": 42,
  "best_dev_acc": 0.23199999406933786,
  "test_acc": 0.22846666061629853,
  "test_acc_std": 0.0876830381553813,
  "test_acc_ci95": 0.00701610428420397,
  "n_test_episodes": 600,
  "per_relation_acc": {
    "P463": 0.19278350515463918,
    "P412": 0.1844311377245509,
    "P40": 0.2723404255319149,
    "P410": 0.20588235294117646,
    "P364": 0.2634920634920635,
    "P26": 0.2422680412371134,
    "P921": 0.20225988700564973,
    "P641": 0.19794871794871796,
    "P177": 0.3047619047619048,
    "P2094": 0.21320754716981133,
    "P361": 0.23294117647058823,
    "P155": 0.229,
    "P59": 0.24421052631578946,
    "P206": 0.24134078212290502,
    "P25": 0.22258064516129034,
    "P413": 0.203
  },
  "episodes": 2000
}