{
  "run_id": "t1P_bert_10w1s",
  "model_name": "models/bert-base-uncased",
  "n_way": 10,
  "k_shot": 1,
  "cl_weight": 1.0,
  "weight_decay": 0.01,
  "temperature": 0.5,
  "seed": 42,
  "best_dev_acc": 0.9635999798774719,
  "test_acc": 0.736333315372467,
  "test_acc_std": 0.08708552182868537,
  "test_acc_ci95": 0.006968293020499988,
  "n_test_episodes": 600,
  "per_relation_acc": {
    "P463": 0.5317948717948718,
    "P412": 0.9777215189873417,
    "P40": 0.553475935828877,
    "P410": 0.9817708333333334,
    "P364": 0.9974093264248705,
    "P2094": 0.9697297297297297,
    "P413": 0.9775910364145658,
    "P361": 0.21644562334217507,
    "P641": 0.7275590551181103,
    "P177": 0.9446236559139785,
    "P25": 0.5666666666666667,
    "P155": 0.699228791773779,
    "P206": 0.7678362573099415,
    "P26": 0.5414141414141415,
    "P59": 0.9316804407713498,
    "P921": 0.40164835164835166
  },
  "episodes": 2000
}