{
  "run_id": "t1P_t5_5w1s",
  "model_name": "models/t5-small",
  "n_way": 5,
  "k_shot": 1,
  "cl_weight": 1.0,
  "weight_decay": 0.01,
  "temperature": 0.5,
  "seed": 42,
  "best_dev_acc": 0.7247999769449234,
  "test_acc": 0.7562666468322277,
  "test_acc_std": 0.12765341583656148,
  "test_acc_ci95": 0.010214400602281171,
  "n_test_episodes": 600,
  "per_relation_acc": {
    "P463": 0.4381443298969072,
    "P412": 0.9041916167664671,
    "P40": 0.7180851063829787,
    "P410": 0.9188235294117647,
    "P364": 0.9058201058201059,
    "P26": 0.6793814432989691,
    "P921": 0.6892655367231638,
    "P641": 0.7343589743589743,
    "P177": 0.9682539682539683,
    "P2094": 0.9537735849056603,
    "P361": 0.2952941176470588,
    "P155": 0.366,
    "P59": 0.9621052631578947,
    "P206": 0.8938547486033519,
    "P25": 0.7354838709677419,
    "P413": 0.926
  },
  "episodes": 2000
}